id; dart 
1 ; 93
2 ; 103
3 ; 9
4 ; 4515
5 ; 111
6 ; 17
7 ; 4523
8 ; 19
9 ; 25
10 ; 4531
11 ; 27
12 ; 33
13 ; 31
14 ; 135
15 ; 41
16 ; 4547
17 ; 43
18 ; 49
19 ; 47
20 ; 51
21 ; 53
22 ; 55
23 ; 59
24 ; 61
25 ; 63
26 ; 67
27 ; 69
28 ; 4579
29 ; 175
30 ; 81
31 ; 4587
32 ; 83
33 ; 89
34 ; 87
35 ; 91
36 ; 4603
37 ; 189
38 ; 199
39 ; 101
40 ; 207
41 ; 109
42 ; 115
43 ; 117
44 ; 223
45 ; 129
46 ; 131
47 ; 137
48 ; 139
49 ; 145
50 ; 147
51 ; 149
52 ; 255
53 ; 157
54 ; 263
55 ; 169
56 ; 271
57 ; 177
58 ; 279
59 ; 185
60 ; 187
61 ; 193
62 ; 195
63 ; 201
64 ; 203
65 ; 205
66 ; 311
67 ; 213
68 ; 219
69 ; 221
70 ; 227
71 ; 229
72 ; 335
73 ; 237
74 ; 343
75 ; 249
76 ; 251
77 ; 257
78 ; 259
79 ; 265
80 ; 367
81 ; 269
82 ; 375
83 ; 277
84 ; 383
85 ; 381
86 ; 391
87 ; 293
88 ; 299
89 ; 305
90 ; 307
91 ; 309
92 ; 415
93 ; 317
94 ; 423
95 ; 325
96 ; 431
97 ; 333
98 ; 439
99 ; 341
100 ; 347
101 ; 353
102 ; 455
103 ; 361
104 ; 363
105 ; 369
106 ; 371
107 ; 373
108 ; 379
109 ; 385
110 ; 487
111 ; 393
112 ; 395
113 ; 401
114 ; 403
115 ; 409
116 ; 411
117 ; 417
118 ; 419
119 ; 421
120 ; 427
121 ; 433
122 ; 535
123 ; 441
124 ; 443
125 ; 445
126 ; 451
127 ; 453
128 ; 459
129 ; 465
130 ; 467
131 ; 473
132 ; 475
133 ; 573
134 ; 583
135 ; 485
136 ; 591
137 ; 497
138 ; 599
139 ; 505
140 ; 507
141 ; 509
142 ; 515
143 ; 517
144 ; 523
145 ; 529
146 ; 531
147 ; 533
148 ; 639
149 ; 545
150 ; 547
151 ; 553
152 ; 555
153 ; 557
154 ; 663
155 ; 565
156 ; 671
157 ; 669
158 ; 679
159 ; 585
160 ; 587
161 ; 589
162 ; 695
163 ; 601
164 ; 703
165 ; 609
166 ; 711
167 ; 617
168 ; 619
169 ; 625
170 ; 627
171 ; 629
172 ; 735
173 ; 637
174 ; 743
175 ; 649
176 ; 751
177 ; 657
178 ; 759
179 ; 661
180 ; 667
181 ; 673
182 ; 675
183 ; 677
184 ; 683
185 ; 685
186 ; 691
187 ; 693
188 ; 699
189 ; 701
190 ; 807
191 ; 713
192 ; 715
193 ; 717
194 ; 823
195 ; 729
196 ; 831
197 ; 737
198 ; 739
199 ; 745
200 ; 847
201 ; 753
202 ; 755
203 ; 761
204 ; 863
205 ; 769
206 ; 871
207 ; 773
208 ; 879
209 ; 785
210 ; 787
211 ; 789
212 ; 795
213 ; 797
214 ; 903
215 ; 809
216 ; 911
217 ; 817
218 ; 919
219 ; 821
220 ; 827
221 ; 829
222 ; 835
223 ; 841
224 ; 943
225 ; 849
226 ; 951
227 ; 857
228 ; 859
229 ; 865
230 ; 867
231 ; 873
232 ; 975
233 ; 881
234 ; 983
235 ; 889
236 ; 891
237 ; 897
238 ; 999
239 ; 901
240 ; 907
241 ; 913
242 ; 915
243 ; 921
244 ; 923
245 ; 925
246 ; 1031
247 ; 933
248 ; 939
249 ; 941
250 ; 947
251 ; 949
252 ; 955
253 ; 961
254 ; 963
255 ; 965
256 ; 971
257 ; 977
258 ; 979
259 ; 981
260 ; 987
261 ; 993
262 ; 1095
263 ; 1001
264 ; 1003
265 ; 1009
266 ; 1111
267 ; 1017
268 ; 1019
269 ; 1025
270 ; 1027
271 ; 1033
272 ; 1135
273 ; 1041
274 ; 1143
275 ; 1049
276 ; 1051
277 ; 1057
278 ; 1159
279 ; 1061
280 ; 1167
281 ; 1069
282 ; 1175
283 ; 1081
284 ; 1083
285 ; 1089
286 ; 1191
287 ; 1097
288 ; 1099
289 ; 1105
290 ; 1107
291 ; 1109
292 ; 1215
293 ; 1117
294 ; 1123
295 ; 1125
296 ; 1231
297 ; 1133
298 ; 1139
299 ; 1145
300 ; 1247
301 ; 1245
302 ; 1255
303 ; 1161
304 ; 1163
305 ; 1169
306 ; 1171
307 ; 1177
308 ; 1179
309 ; 1185
310 ; 1187
311 ; 1189
312 ; 1195
313 ; 1201
314 ; 1203
315 ; 1209
316 ; 1311
317 ; 1213
318 ; 1319
319 ; 1225
320 ; 1227
321 ; 1233
322 ; 1335
323 ; 1241
324 ; 1243
325 ; 1249
326 ; 1251
327 ; 1253
328 ; 1359
329 ; 1261
330 ; 1267
331 ; 1273
332 ; 1375
333 ; 1281
334 ; 1383
335 ; 1285
336 ; 1391
337 ; 1297
338 ; 1399
339 ; 1305
340 ; 1407
341 ; 1313
342 ; 1415
343 ; 1321
344 ; 1423
345 ; 1329
346 ; 1431
347 ; 1337
348 ; 1439
349 ; 1345
350 ; 1347
351 ; 1349
352 ; 1355
353 ; 1357
354 ; 1463
355 ; 1365
356 ; 1471
357 ; 1373
358 ; 1379
359 ; 1385
360 ; 1487
361 ; 1393
362 ; 1395
363 ; 1401
364 ; 1403
365 ; 1405
366 ; 1511
367 ; 1417
368 ; 1519
369 ; 1421
370 ; 1527
371 ; 1433
372 ; 1535
373 ; 1533
374 ; 1443
375 ; 1449
376 ; 1451
377 ; 1457
378 ; 1559
379 ; 1461
380 ; 1567
381 ; 1473
382 ; 1475
383 ; 1477
384 ; 1483
385 ; 1489
386 ; 1591
387 ; 1497
388 ; 1499
389 ; 1505
390 ; 1507
391 ; 1509
392 ; 1615
393 ; 1517
394 ; 1523
395 ; 1525
396 ; 1631
397 ; 1629
398 ; 1639
399 ; 1545
400 ; 1647
401 ; 1553
402 ; 1555
403 ; 1557
404 ; 1563
405 ; 1565
406 ; 1671
407 ; 1573
408 ; 1679
409 ; 1581
410 ; 1587
411 ; 1593
412 ; 1595
413 ; 1601
414 ; 1603
415 ; 1609
416 ; 1611
417 ; 1613
418 ; 1719
419 ; 1621
420 ; 1627
421 ; 1725
422 ; 1735
423 ; 1641
424 ; 1743
425 ; 1649
426 ; 1651
427 ; 1657
428 ; 1759
429 ; 1661
430 ; 1767
431 ; 1669
432 ; 1775
433 ; 1677
434 ; 1683
435 ; 1689
436 ; 1691
437 ; 1693
438 ; 1699
439 ; 1701
440 ; 1807
441 ; 1709
442 ; 1715
443 ; 1721
444 ; 1723
445 ; 1729
446 ; 1731
447 ; 1733
448 ; 1839
449 ; 1741
450 ; 1747
451 ; 1749
452 ; 1755
453 ; 1757
454 ; 1863
455 ; 1769
456 ; 1871
457 ; 1777
458 ; 1779
459 ; 1781
460 ; 1787
461 ; 1789
462 ; 1895
463 ; 1797
464 ; 1903
465 ; 1809
466 ; 1911
467 ; 1817
468 ; 1819
469 ; 1825
470 ; 1827
471 ; 1833
472 ; 1935
473 ; 1841
474 ; 1943
475 ; 1849
476 ; 1951
477 ; 1853
478 ; 1959
479 ; 1865
480 ; 1867
481 ; 1873
482 ; 1875
483 ; 1877
484 ; 1983
485 ; 1885
486 ; 1991
487 ; 1897
488 ; 1999
489 ; 1901
490 ; 1907
491 ; 1909
492 ; 1915
493 ; 1921
494 ; 2023
495 ; 1929
496 ; 2031
497 ; 1937
498 ; 1939
499 ; 1945
500 ; 2047
501 ; 1949
502 ; 2055
503 ; 1961
504 ; 1963
505 ; 1965
506 ; 2071
507 ; 1973
508 ; 1979
509 ; 1981
510 ; 2087
511 ; 1989
512 ; 2095
513 ; 1997
514 ; 2103
515 ; 2009
516 ; 2011
517 ; 2109
518 ; 2119
519 ; 2021
520 ; 2127
521 ; 2033
522 ; 2035
523 ; 2037
524 ; 2043
525 ; 2045
526 ; 2051
527 ; 2053
528 ; 2059
529 ; 2065
530 ; 2067
531 ; 2073
532 ; 2175
533 ; 2081
534 ; 2183
535 ; 2085
536 ; 2091
537 ; 2097
538 ; 2199
539 ; 2105
540 ; 2207
541 ; 2205
542 ; 2115
543 ; 2121
544 ; 2123
545 ; 2129
546 ; 2131
547 ; 2133
548 ; 2239
549 ; 2141
550 ; 2247
551 ; 2153
552 ; 2155
553 ; 2157
554 ; 2263
555 ; 2165
556 ; 2271
557 ; 2177
558 ; 2279
559 ; 2185
560 ; 2187
561 ; 2193
562 ; 2295
563 ; 2197
564 ; 2303
565 ; 2301
566 ; 2211
567 ; 2217
568 ; 2219
569 ; 2225
570 ; 2327
571 ; 2233
572 ; 2235
573 ; 2241
574 ; 2243
575 ; 2245
576 ; 2251
577 ; 2257
578 ; 2259
579 ; 2261
580 ; 2367
581 ; 2273
582 ; 2375
583 ; 2277
584 ; 2383
585 ; 2285
586 ; 2391
587 ; 2297
588 ; 2299
589 ; 2397
590 ; 2307
591 ; 2313
592 ; 2315
593 ; 2317
594 ; 2423
595 ; 2325
596 ; 2331
597 ; 2337
598 ; 2439
599 ; 2341
600 ; 2447
601 ; 2353
602 ; 2455
603 ; 2357
604 ; 2463
605 ; 2369
606 ; 2371
607 ; 2373
608 ; 2479
609 ; 2385
610 ; 2487
611 ; 2393
612 ; 2395
613 ; 2493
614 ; 2503
615 ; 2409
616 ; 2411
617 ; 2417
618 ; 2519
619 ; 2425
620 ; 2427
621 ; 2433
622 ; 2435
623 ; 2437
624 ; 2543
625 ; 2445
626 ; 2551
627 ; 2457
628 ; 2559
629 ; 2461
630 ; 2467
631 ; 2473
632 ; 2475
633 ; 2481
634 ; 2583
635 ; 2485
636 ; 2591
637 ; 2589
638 ; 2599
639 ; 2505
640 ; 2507
641 ; 2509
642 ; 2615
643 ; 2517
644 ; 2623
645 ; 2525
646 ; 2631
647 ; 2533
648 ; 2639
649 ; 2541
650 ; 2647
651 ; 2549
652 ; 2555
653 ; 2561
654 ; 2563
655 ; 2569
656 ; 2571
657 ; 2573
658 ; 2579
659 ; 2585
660 ; 2587
661 ; 2685
662 ; 2695
663 ; 2597
664 ; 2703
665 ; 2609
666 ; 2611
667 ; 2613
668 ; 2619
669 ; 2621
670 ; 2627
671 ; 2629
672 ; 2635
673 ; 2641
674 ; 2743
675 ; 2649
676 ; 2651
677 ; 2653
678 ; 2759
679 ; 2661
680 ; 2767
681 ; 2673
682 ; 2775
683 ; 2681
684 ; 2683
685 ; 2689
686 ; 2691
687 ; 2697
688 ; 2699
689 ; 2705
690 ; 2807
691 ; 2713
692 ; 2715
693 ; 2721
694 ; 2723
695 ; 2725
696 ; 2831
697 ; 2733
698 ; 2839
699 ; 2741
700 ; 2747
701 ; 2753
702 ; 2855
703 ; 2761
704 ; 2863
705 ; 2769
706 ; 2871
707 ; 2777
708 ; 2879
709 ; 2877
710 ; 2887
711 ; 2793
712 ; 2795
713 ; 2801
714 ; 2803
715 ; 2809
716 ; 2911
717 ; 2817
718 ; 2919
719 ; 2825
720 ; 2927
721 ; 2833
722 ; 2835
723 ; 2841
724 ; 2843
725 ; 2845
726 ; 2851
727 ; 2853
728 ; 2959
729 ; 2865
730 ; 2967
731 ; 2869
732 ; 2975
733 ; 2973
734 ; 2983
735 ; 2889
736 ; 2891
737 ; 2897
738 ; 2999
739 ; 2901
740 ; 2907
741 ; 2913
742 ; 2915
743 ; 2917
744 ; 2923
745 ; 2925
746 ; 2931
747 ; 2933
748 ; 3039
749 ; 2945
750 ; 2947
751 ; 2949
752 ; 2955
753 ; 2961
754 ; 3063
755 ; 2969
756 ; 2971
757 ; 3069
758 ; 3079
759 ; 2985
760 ; 3087
761 ; 2993
762 ; 2995
763 ; 3001
764 ; 3103
765 ; 3005
766 ; 3111
767 ; 3017
768 ; 3019
769 ; 3025
770 ; 3027
771 ; 3033
772 ; 3135
773 ; 3041
774 ; 3043
775 ; 3049
776 ; 3051
777 ; 3053
778 ; 3059
779 ; 3065
780 ; 3067
781 ; 3073
782 ; 3175
783 ; 3081
784 ; 3083
785 ; 3089
786 ; 3091
787 ; 3097
788 ; 3199
789 ; 3105
790 ; 3107
791 ; 3113
792 ; 3115
793 ; 3121
794 ; 3223
795 ; 3129
796 ; 3131
797 ; 3137
798 ; 3139
799 ; 3145
800 ; 3147
801 ; 3153
802 ; 3155
803 ; 3161
804 ; 3263
805 ; 3261
806 ; 3271
807 ; 3177
808 ; 3179
809 ; 3181
810 ; 3187
811 ; 3193
812 ; 3295
813 ; 3201
814 ; 3303
815 ; 3209
816 ; 3211
817 ; 3217
818 ; 3219
819 ; 3221
820 ; 3327
821 ; 3229
822 ; 3335
823 ; 3241
824 ; 3343
825 ; 3249
826 ; 3351
827 ; 3253
828 ; 3259
829 ; 3265
830 ; 3367
831 ; 3269
832 ; 3275
833 ; 3281
834 ; 3283
835 ; 3289
836 ; 3291
837 ; 3293
838 ; 3399
839 ; 3301
840 ; 3307
841 ; 3309
842 ; 3315
843 ; 3317
844 ; 3423
845 ; 3329
846 ; 3431
847 ; 3337
848 ; 3339
849 ; 3341
850 ; 3347
851 ; 3349
852 ; 3455
853 ; 3361
854 ; 3463
855 ; 3369
856 ; 3471
857 ; 3377
858 ; 3379
859 ; 3385
860 ; 3387
861 ; 3393
862 ; 3495
863 ; 3401
864 ; 3503
865 ; 3409
866 ; 3511
867 ; 3413
868 ; 3519
869 ; 3425
870 ; 3427
871 ; 3433
872 ; 3435
873 ; 3437
874 ; 3543
875 ; 3445
876 ; 3551
877 ; 3457
878 ; 3559
879 ; 3461
880 ; 3567
881 ; 3469
882 ; 3575
883 ; 3477
884 ; 3483
885 ; 3489
886 ; 3491
887 ; 3493
888 ; 3499
889 ; 3505
890 ; 3507
891 ; 3513
892 ; 3515
893 ; 3517
894 ; 3523
895 ; 3529
896 ; 3631
897 ; 3533
898 ; 3639
899 ; 3541
900 ; 3647
901 ; 3645
902 ; 3655
903 ; 3557
904 ; 3663
905 ; 3569
906 ; 3671
907 ; 3577
908 ; 3679
909 ; 3585
910 ; 3587
911 ; 3593
912 ; 3595
913 ; 3597
914 ; 3603
915 ; 3605
916 ; 3611
917 ; 3613
918 ; 3719
919 ; 3625
920 ; 3727
921 ; 3633
922 ; 3635
923 ; 3641
924 ; 3743
925 ; 3741
926 ; 3751
927 ; 3653
928 ; 3759
929 ; 3665
930 ; 3767
931 ; 3673
932 ; 3675
933 ; 3677
934 ; 3683
935 ; 3689
936 ; 3691
937 ; 3697
938 ; 3699
939 ; 3701
940 ; 3807
941 ; 3713
942 ; 3715
943 ; 3717
944 ; 3823
945 ; 3729
946 ; 3831
947 ; 3737
948 ; 3739
949 ; 3837
950 ; 3847
951 ; 3749
952 ; 3855
953 ; 3761
954 ; 3863
955 ; 3765
956 ; 3771
957 ; 3773
958 ; 3879
959 ; 3785
960 ; 3787
961 ; 3793
962 ; 3795
963 ; 3797
964 ; 3803
965 ; 3805
966 ; 3911
967 ; 3813
968 ; 3819
969 ; 3825
970 ; 3827
971 ; 3829
972 ; 3835
973 ; 3841
974 ; 3843
975 ; 3849
976 ; 3951
977 ; 3857
978 ; 3859
979 ; 3865
980 ; 3867
981 ; 3869
982 ; 3975
983 ; 3881
984 ; 3983
985 ; 3889
986 ; 3991
987 ; 3893
988 ; 3899
989 ; 3905
990 ; 3907
991 ; 3913
992 ; 4015
993 ; 3921
994 ; 4023
995 ; 3929
996 ; 3931
997 ; 3937
998 ; 4039
999 ; 3941
1000 ; 4047
1001 ; 3953
1002 ; 4055
1003 ; 3961
1004 ; 3963
1005 ; 3969
1006 ; 3971
1007 ; 3977
1008 ; 4079
1009 ; 3985
1010 ; 3987
1011 ; 3993
1012 ; 3995
1013 ; 4001
1014 ; 4003
1015 ; 4005
1016 ; 4011
1017 ; 4017
1018 ; 4019
1019 ; 4021
1020 ; 4127
1021 ; 4125
1022 ; 4135
1023 ; 4037
1024 ; 4043
1025 ; 4049
1026 ; 4151
1027 ; 4057
1028 ; 4059
1029 ; 4065
1030 ; 4067
1031 ; 4069
1032 ; 4075
1033 ; 4081
1034 ; 4083
1035 ; 4085
1036 ; 4191
1037 ; 4093
1038 ; 4099
1039 ; 4105
1040 ; 4207
1041 ; 4109
1042 ; 4115
1043 ; 4117
1044 ; 4123
1045 ; 4129
1046 ; 4131
1047 ; 4133
1048 ; 4239
1049 ; 4141
1050 ; 4247
1051 ; 4153
1052 ; 4155
1053 ; 4157
1054 ; 4263
1055 ; 4165
1056 ; 4171
1057 ; 4177
1058 ; 4279
1059 ; 4185
1060 ; 4187
1061 ; 4189
1062 ; 4295
1063 ; 4197
1064 ; 4303
1065 ; 4209
1066 ; 4311
1067 ; 4213
1068 ; 4219
1069 ; 4225
1070 ; 4227
1071 ; 4233
1072 ; 4235
1073 ; 4237
1074 ; 4343
1075 ; 4245
1076 ; 4351
1077 ; 4257
1078 ; 4259
1079 ; 4261
1080 ; 4367
1081 ; 4273
1082 ; 4375
1083 ; 4277
1084 ; 4383
1085 ; 4289
1086 ; 4291
1087 ; 4297
1088 ; 4299
1089 ; 4305
1090 ; 4407
1091 ; 4309
1092 ; 4415
1093 ; 4321
1094 ; 4323
1095 ; 4329
1096 ; 4331
1097 ; 4333
1098 ; 4439
1099 ; 4345
1100 ; 4447
1101 ; 4353
1102 ; 4355
1103 ; 4357
1104 ; 4363
1105 ; 4365
1106 ; 4371
1107 ; 4377
1108 ; 4479
1109 ; 4385
1110 ; 4387
1111 ; 4393
1112 ; 4395
1113 ; 4397
1114 ; 4503
1115 ; 4405
1116 ; 4511
1117 ; 4509
1118 ; 4519
1119 ; 4421
1120 ; 4527
1121 ; 4429
1122 ; 4435
1123 ; 4437
1124 ; 4543
1125 ; 4449
1126 ; 4451
1127 ; 4453
1128 ; 4459
1129 ; 4461
1130 ; 4567
1131 ; 4473
1132 ; 4475
1133 ; 4481
1134 ; 4583
1135 ; 4489
1136 ; 4491
1137 ; 4493
1138 ; 4599
1139 ; 4505
1140 ; 4507
1141 ; 4513
1142 ; 4521
1143 ; 4525
1144 ; 4533
1145 ; 4541
1146 ; 4553
1147 ; 4557
1148 ; 4569
1149 ; 4573
1150 ; 4585
1151 ; 4593
1152 ; 4601
